USE CUNGCAP_VLXD
GO
-------- INSERT------
-----------------------ĐẠI LÝ----------------------------
GO
INSERT [dbo].[DaiLy] ([MADL], [DaiLy], [DIACHI], [SoDT]) VALUES ('DL0', N'Trụ sở Hà Nội', N'Thành Phố Hà Nội', '0366688868')
INSERT [dbo].[DaiLy] ([MADL], [DaiLy], [DIACHI], [SoDT]) VALUES ('DL1', N'Đại lý 1 TP Ninh Bình', N'Thành Phố Ninh Bình', '0345649869')
INSERT [dbo].[DaiLy] ([MADL], [DaiLy], [DIACHI], [SoDT]) VALUES ('DL2', N'Đại lý 2 TP Hồ Chí Minh', N'Thành Phố Hồ Chí Minh', '0369988866')
INSERT [dbo].[DaiLy] ([MADL], [DaiLy], [DIACHI], [SoDT]) VALUES ('DL3', N'Đại lý 3 TP Thanh Hóa', N'Thành Phố Thanh Hóa', '0366999889')
INSERT [dbo].[DaiLy] ([MADL], [DaiLy], [DIACHI], [SoDT]) VALUES ('DL4', N'Đại lý 4 TP Cần Thơ', N'Thành Phố Cần Thơ', '0364688336')
INSERT [dbo].[DaiLy] ([MADL], [DaiLy], [DIACHI], [SoDT]) VALUES ('DL5', N'Đại lý 5 TP Hải Phòng', N'Thành Phố Hải Phòng', '0388688868')
INSERT [dbo].[DaiLy] ([MADL], [DaiLy], [DIACHI], [SoDT]) VALUES ('DL6', N'Đại lý 6 TP Nghệ An', N'Thành Phố Nghệ An', '0833666966')
INSERT [dbo].[DaiLy] ([MADL], [DaiLy], [DIACHI], [SoDT]) VALUES ('DL7', N'Đại lý 7 TP Đà Nẵng', N'Thành Phố Đà Nẵng', '0999966686')
INSERT [dbo].[DaiLy] ([MADL], [DaiLy], [DIACHI], [SoDT]) VALUES ('DL8', N'Đại lý 8 TP Hưng Yên', N'Thành Phố Hưng Yên', '0885664599')

-----------------------VẬT LIỆU----------------------------
GO
INSERT [dbo].[VatLieu] ([MAVl], [TENVl], [DVT], [SOLUONG], [DONGIAVL]) VALUES ('VL001', N'Gạch xây', N'Viên', 1000000000, 8000)
INSERT [dbo].[VatLieu] ([MAVl], [TENVl], [DVT], [SOLUONG], [DONGIAVL]) VALUES ('VL002', N'Sắt thép', N'Cây', 1000000, 100000)
INSERT [dbo].[VatLieu] ([MAVl], [TENVl], [DVT], [SOLUONG], [DONGIAVL]) VALUES ('VL003', N'Ngói', N'Viên', 100000000, 10000)
INSERT [dbo].[VatLieu] ([MAVl], [TENVl], [DVT], [SOLUONG], [DONGIAVL]) VALUES ('VL004', N'Gạch hoa', N'Viên', 100000000, 15000)
INSERT [dbo].[VatLieu] ([MAVl], [TENVl], [DVT], [SOLUONG], [DONGIAVL]) VALUES ('VL005', N'Gỗ xây dựng',null, 1000000, 200000)
INSERT [dbo].[VatLieu] ([MAVl], [TENVl], [DVT], [SOLUONG], [DONGIAVL]) VALUES ('VL006', N'Ống nươc', null, 10000000, 20000)
INSERT [dbo].[VatLieu] ([MAVl], [TENVl], [DVT], [SOLUONG], [DONGIAVL]) VALUES ('VL007', N'Dây buộc', null, 100000, 10000)
INSERT [dbo].[VatLieu] ([MAVl], [TENVl], [DVT], [SOLUONG], [DONGIAVL]) VALUES ('VL008', N'Gạch ốp', N'Viên', 1000000000, 12000)

-----------------------NHÂN VIÊN----------------------------
GO
INSERT [dbo].[NhanVien] ([MANV], [HOTEN], [DIACHI], [NGAYSINH], [LUONG], [MADL]) VALUES ('NVDL0001', N'Ngô Minh Tuấn', N'Thủ Đức', '2000/09/08', 7000000, 'DL0')
INSERT [dbo].[NhanVien] ([MANV], [HOTEN], [DIACHI], [NGAYSINH], [LUONG], [MADL]) VALUES ('NVDL0002', N'Phạm Thị Thanh Tâm', N'Thủ Đức', '1999/05/05', 7000000, 'DL0')
INSERT [dbo].[NhanVien] ([MANV], [HOTEN], [DIACHI], [NGAYSINH], [LUONG], [MADL]) VALUES ('NVDL0003', N'Đào Quang Nam', N'Thủ Đức', '1996/10/12', 7000000, 'DL0')
INSERT [dbo].[NhanVien] ([MANV], [HOTEN], [DIACHI], [NGAYSINH], [LUONG], [MADL]) VALUES ('NVDL1001', N'Lương Thị Trang', N'Thủ Đức', '2002/11/06', 7000000, 'DL1')
INSERT [dbo].[NhanVien] ([MANV], [HOTEN], [DIACHI], [NGAYSINH], [LUONG], [MADL]) VALUES ('NVDL1002', N'Nguyễn Thị Hà', N'Quận 9', '2001/04/01', 4000000, 'DL1')
INSERT [dbo].[NhanVien] ([MANV], [HOTEN], [DIACHI], [NGAYSINH], [LUONG], [MADL]) VALUES ('NVDL1003', N'Trần Văn Thanh', N'Quận 10', '1993/09/12', 5000000, 'DL1')
INSERT [dbo].[NhanVien] ([MANV], [HOTEN], [DIACHI], [NGAYSINH], [LUONG], [MADL]) VALUES ('NVDL2001', N'Ngô Minh Hiếu', N'Quận 6', '1998/08/06', 7000000, 'DL2')
INSERT [dbo].[NhanVien] ([MANV], [HOTEN], [DIACHI], [NGAYSINH], [LUONG], [MADL]) VALUES ('NVDL3001', N'Hồ Văn Thái', N'Bình Thạnh', '1999/10/01', 6000000, 'DL3')
INSERT [dbo].[NhanVien] ([MANV], [HOTEN], [DIACHI], [NGAYSINH], [LUONG], [MADL]) VALUES ('NVDL3002', N'Hà Giang Nam', N'Gò Vấp', '1998/06/06', 5000000, 'DL3')
INSERT [dbo].[NhanVien] ([MANV], [HOTEN], [DIACHI], [NGAYSINH], [LUONG], [MADL]) VALUES ('NVDL4001', N'Lê Thị Trà My', N'Phú Nhuận', '1997/11/10', 7000000, 'DL4')
INSERT [dbo].[NhanVien] ([MANV], [HOTEN], [DIACHI], [NGAYSINH], [LUONG], [MADL]) VALUES ('NVDL4002', N'Trần Quốc Đạo', N'Thủ Đức', '2000/05/07', 8000000, 'DL4')
INSERT [dbo].[NhanVien] ([MANV], [HOTEN], [DIACHI], [NGAYSINH], [LUONG], [MADL]) VALUES ('NVDL5001', N'Nguyễn Hữu Hợp', N'Thủ Đức', '2001/03/12', 8000000, 'DL5')
INSERT [dbo].[NhanVien] ([MANV], [HOTEN], [DIACHI], [NGAYSINH], [LUONG], [MADL]) VALUES ('NVDL5002', N'Trịnh Thị Bảo Ngọc', N'Hà Trung', '2000/01/03', 8000000, 'DL5')
INSERT [dbo].[NhanVien] ([MANV], [HOTEN], [DIACHI], [NGAYSINH], [LUONG], [MADL]) VALUES ('NVDL6001', N'Lê Thùy Dương', N'Thủ Đức', '1996/09/05', 8000000, 'DL6')
INSERT [dbo].[NhanVien] ([MANV], [HOTEN], [DIACHI], [NGAYSINH], [LUONG], [MADL]) VALUES ('NVDL6002', N'Phạm Hồng Sơn', N'Thủ Đức', '1995/03/02', 8000000, 'DL6')
INSERT [dbo].[NhanVien] ([MANV], [HOTEN], [DIACHI], [NGAYSINH], [LUONG], [MADL]) VALUES ('NVDL6003', N'Đặng Hồng Ngọc', N'Quận 5', '1998/10/10', 8000000, 'DL6')
INSERT [dbo].[NhanVien] ([MANV], [HOTEN], [DIACHI], [NGAYSINH], [LUONG], [MADL]) VALUES ('NVDL7001', N'Vũ Tuấn Anh', N'Nam Từ Liêm', '1995/02/10', 8000000, 'DL7')
INSERT [dbo].[NhanVien] ([MANV], [HOTEN], [DIACHI], [NGAYSINH], [LUONG], [MADL]) VALUES ('NVDL7002', N'Võ Quốc Việt', N'Thủ Đức', '1997/12/04', 8000000, 'DL7')
INSERT [dbo].[NhanVien] ([MANV], [HOTEN], [DIACHI], [NGAYSINH], [LUONG], [MADL]) VALUES ('NVDL8001', N'Lê Thị Thỳ Dung', N'Thủ Đức', '2001/03/04', 8000000, 'DL8')
INSERT [dbo].[NhanVien] ([MANV], [HOTEN], [DIACHI], [NGAYSINH], [LUONG], [MADL]) VALUES ('NVDL8002', N'Đỗ Văn Nam', N'Hà Đông', '1994/07/04', 8000000, 'DL8')

-----------------------KHO----------------------------
GO
INSERT [dbo].[Kho] ([MAKHO], [TENKHO], [DIACHI], [MADL]) VALUES (N'KDL0001', N'KHO A', N'28-30 Ngô Quyền P1 Q5', 'DL0')
INSERT [dbo].[Kho] ([MAKHO], [TENKHO], [DIACHI], [MADL]) VALUES (N'KDL0002', N'KHO B', N'28-30 Ngô Quyền P1 Q5', 'DL0')
INSERT [dbo].[Kho] ([MAKHO], [TENKHO], [DIACHI], [MADL]) VALUES (N'KDL0003', N'KHO C', N'28-30 Ngô Quyền P1 Q5', 'DL0')
INSERT [dbo].[Kho] ([MAKHO], [TENKHO], [DIACHI], [MADL]) VALUES (N'KDL1001', N'KHO A', N'28-30 Ngô Quyền P1 Q5', 'DL1')
INSERT [dbo].[Kho] ([MAKHO], [TENKHO], [DIACHI], [MADL]) VALUES (N'KDL2001', N'KHO A', N'28-30 Ngô Quyền P1 Q5', 'DL2')
INSERT [dbo].[Kho] ([MAKHO], [TENKHO], [DIACHI], [MADL]) VALUES (N'KDL3001', N'KHO A', N'28-30 Ngô Quyền P1 Q5', 'DL3')
INSERT [dbo].[Kho] ([MAKHO], [TENKHO], [DIACHI], [MADL]) VALUES (N'KDL3002', N'KHO B', N'28-30 Ngô Quyền P1 Q5', 'DL3')
INSERT [dbo].[Kho] ([MAKHO], [TENKHO], [DIACHI], [MADL]) VALUES (N'KDL4001', N'KHO A', N'28-30 Ngô Quyền P1 Q5', 'DL4')
INSERT [dbo].[Kho] ([MAKHO], [TENKHO], [DIACHI], [MADL]) VALUES (N'KDL5001', N'KHO A', N'28-30 Ngô Quyền P1 Q5', 'DL5')
INSERT [dbo].[Kho] ([MAKHO], [TENKHO], [DIACHI], [MADL]) VALUES (N'KDL6001', N'KHO A', N'28-30 Ngô Quyền P1 Q5', 'DL6')
INSERT [dbo].[Kho] ([MAKHO], [TENKHO], [DIACHI], [MADL]) VALUES (N'KDL7001', N'KHO A', N'28-30 Ngô Quyền P1 Q5', 'DL7')
INSERT [dbo].[Kho] ([MAKHO], [TENKHO], [DIACHI], [MADL]) VALUES (N'KDL8001', N'KHO A', N'28-30 Ngô Quyền P1 Q5', 'DL8')
INSERT [dbo].[Kho] ([MAKHO], [TENKHO], [DIACHI], [MADL]) VALUES (N'KDL8002', N'KHO B', N'28-30 Ngô Quyền P1 Q5', 'DL8')

-----------------------NHẬP HÀNG----------------------------
GO
INSERT [dbo].[NhapHang] ([MaDNH], [NGAY],[MANV],[MAKHO]) VALUES ('MNHDL1001', '2023/01/03', 'NVDL1001', 'KDL1001')
INSERT [dbo].[NhapHang] ([MaDNH], [NGAY],[MANV],[MAKHO]) VALUES ('MNHDL2001', '2023/01/04', 'NVDL2001', 'KDL2001')
INSERT [dbo].[NhapHang] ([MaDNH], [NGAY],[MANV],[MAKHO]) VALUES ('MNHDL3001', '2023/01/10', 'NVDL3002', 'KDL3001')
INSERT [dbo].[NhapHang] ([MaDNH], [NGAY],[MANV],[MAKHO]) VALUES ('MNHDL3002', '2023/01/21', 'NVDL3001', 'KDL3002')
INSERT [dbo].[NhapHang] ([MaDNH], [NGAY],[MANV],[MAKHO]) VALUES ('MNHDL4001', '2023/01/25', 'NVDL4002', 'KDL4001')
INSERT [dbo].[NhapHang] ([MaDNH], [NGAY],[MANV],[MAKHO]) VALUES ('MNHDL5001', '2023/02/05', 'NVDL5001', 'KDL5001')
INSERT [dbo].[NhapHang] ([MaDNH], [NGAY],[MANV],[MAKHO]) VALUES ('MNHDL6001', '2023/02/10', 'NVDL6001', 'KDL6001')
INSERT [dbo].[NhapHang] ([MaDNH], [NGAY],[MANV],[MAKHO]) VALUES ('MNHDL7001', '2023/02/12', 'NVDL7001', 'KDL7001')
INSERT [dbo].[NhapHang] ([MaDNH], [NGAY],[MANV],[MAKHO]) VALUES ('MNHDL8001', '2023/02/19', 'NVDL8001', 'KDL8001')
INSERT [dbo].[NhapHang] ([MaDNH], [NGAY],[MANV],[MAKHO]) VALUES ('MNHDL8002', '2023/02/21', 'NVDL8002', 'KDL8002')
INSERT [dbo].[NhapHang] ([MaDNH], [NGAY],[MANV],[MAKHO]) VALUES ('MNHDL4002', '2023/02/23', 'NVDL4002', 'KDL4001')
INSERT [dbo].[NhapHang] ([MaDNH], [NGAY],[MANV],[MAKHO]) VALUES ('MNHDL6002', '2023/02/25', 'NVDL6001', 'KDL6001')
INSERT [dbo].[NhapHang] ([MaDNH], [NGAY],[MANV],[MAKHO]) VALUES ('MNHDL3003', '2023/02/25', 'NVDL3001', 'KDL3002')
INSERT [dbo].[NhapHang] ([MaDNH], [NGAY],[MANV],[MAKHO]) VALUES ('MNHDL5002', '2023/03/10', 'NVDL5001', 'KDL5001')
INSERT [dbo].[NhapHang] ([MaDNH], [NGAY],[MANV],[MAKHO]) VALUES ('MNHDL8003', '2023/03/13', 'NVDL8001', 'KDL8001')
INSERT [dbo].[NhapHang] ([MaDNH], [NGAY],[MANV],[MAKHO]) VALUES ('MNHDL6003', '2023/03/20', 'NVDL6001', 'KDL6001')

-----------------------CTPNH----------------------------
GO
--kho1
INSERT [dbo].[CTPNH] ([MaDNH], [MAVL], [SOLUONG], [DONGIA]) VALUES ('MNHDL1001', 'VL001', 10, 4)
INSERT [dbo].[CTPNH] ([MaDNH], [MAVL], [SOLUONG], [DONGIA]) VALUES ('MNHDL1001', 'VL002', 100, 50)
INSERT [dbo].[CTPNH] ([MaDNH], [MAVL], [SOLUONG], [DONGIA]) VALUES ('MNHDL1001', 'VL003', 100, 50)
INSERT [dbo].[CTPNH] ([MaDNH], [MAVL], [SOLUONG], [DONGIA]) VALUES ('MNHDL1001', 'VL004', 200, 1)
INSERT [dbo].[CTPNH] ([MaDNH], [MAVL], [SOLUONG], [DONGIA]) VALUES ('MNHDL1001', 'VL005', 60, 1)
INSERT [dbo].[CTPNH] ([MaDNH], [MAVL], [SOLUONG], [DONGIA]) VALUES ('MNHDL1001', 'VL006', 200, 1)
INSERT [dbo].[CTPNH] ([MaDNH], [MAVL], [SOLUONG], [DONGIA]) VALUES ('MNHDL1001', 'VL007', 60, 1)
INSERT [dbo].[CTPNH] ([MaDNH], [MAVL], [SOLUONG], [DONGIA]) VALUES ('MNHDL1001', 'VL008', 200, 1)
INSERT [dbo].[CTPNH] ([MaDNH], [MAVL], [SOLUONG], [DONGIA]) VALUES ('MNHDL1001', 'VL009', 200, 1)
---kho2
INSERT [dbo].[CTPNH] ([MaDNH], [MAVL], [SOLUONG], [DONGIA]) VALUES ('MNHDL2001', 'VL002', 6, 50)
INSERT [dbo].[CTPNH] ([MaDNH], [MAVL], [SOLUONG], [DONGIA]) VALUES ('MNHDL2001', 'VL001', 10, 4)
INSERT [dbo].[CTPNH] ([MaDNH], [MAVL], [SOLUONG], [DONGIA]) VALUES ('MNHDL2001', 'VL003', 100, 50)
INSERT [dbo].[CTPNH] ([MaDNH], [MAVL], [SOLUONG], [DONGIA]) VALUES ('MNHDL2001', 'VL004', 200, 1)
INSERT [dbo].[CTPNH] ([MaDNH], [MAVL], [SOLUONG], [DONGIA]) VALUES ('MNHDL2001', 'VL005', 60, 1)
INSERT [dbo].[CTPNH] ([MaDNH], [MAVL], [SOLUONG], [DONGIA]) VALUES ('MNHDL2001', 'VL006', 200, 1)
INSERT [dbo].[CTPNH] ([MaDNH], [MAVL], [SOLUONG], [DONGIA]) VALUES ('MNHDL2001', 'VL007', 60, 1)
INSERT [dbo].[CTPNH] ([MaDNH], [MAVL], [SOLUONG], [DONGIA]) VALUES ('MNHDL2001', 'VL008', 200, 1)
INSERT [dbo].[CTPNH] ([MaDNH], [MAVL], [SOLUONG], [DONGIA]) VALUES ('MNHDL2001', 'VL009', 200, 1)
--kho3
INSERT [dbo].[CTPNH] ([MaDNH], [MAVL], [SOLUONG], [DONGIA]) VALUES ('MNHDL3001', 'VL003', 20, 70)
INSERT [dbo].[CTPNH] ([MaDNH], [MAVL], [SOLUONG], [DONGIA]) VALUES ('MNHDL3001', 'VL002', 65, 50)
INSERT [dbo].[CTPNH] ([MaDNH], [MAVL], [SOLUONG], [DONGIA]) VALUES ('MNHDL3001', 'VL001', 100, 4)
INSERT [dbo].[CTPNH] ([MaDNH], [MAVL], [SOLUONG], [DONGIA]) VALUES ('MNHDL3001', 'VL004', 200, 1)
INSERT [dbo].[CTPNH] ([MaDNH], [MAVL], [SOLUONG], [DONGIA]) VALUES ('MNHDL3001', 'VL005', 60, 1)
INSERT [dbo].[CTPNH] ([MaDNH], [MAVL], [SOLUONG], [DONGIA]) VALUES ('MNHDL3001', 'VL006', 200, 1)
INSERT [dbo].[CTPNH] ([MaDNH], [MAVL], [SOLUONG], [DONGIA]) VALUES ('MNHDL3001', 'VL007', 60, 1)
INSERT [dbo].[CTPNH] ([MaDNH], [MAVL], [SOLUONG], [DONGIA]) VALUES ('MNHDL3001', 'VL008', 200, 1)
INSERT [dbo].[CTPNH] ([MaDNH], [MAVL], [SOLUONG], [DONGIA]) VALUES ('MNHDL3001', 'VL009', 200, 1)

---kho3
INSERT [dbo].[CTPNH] ([MaDNH], [MAVL], [SOLUONG], [DONGIA]) VALUES ('MNHDL3002', 'VL001', 60, 1)
INSERT [dbo].[CTPNH] ([MaDNH], [MAVL], [SOLUONG], [DONGIA]) VALUES ('MNHDL3002', 'VL002', 200, 1)
INSERT [dbo].[CTPNH] ([MaDNH], [MAVL], [SOLUONG], [DONGIA]) VALUES ('MNHDL3002', 'VL003', 60, 1)
INSERT [dbo].[CTPNH] ([MaDNH], [MAVL], [SOLUONG], [DONGIA]) VALUES ('MNHDL3002', 'VL004', 200, 1)
INSERT [dbo].[CTPNH] ([MaDNH], [MAVL], [SOLUONG], [DONGIA]) VALUES ('MNHDL3002', 'VL005', 60, 1)
INSERT [dbo].[CTPNH] ([MaDNH], [MAVL], [SOLUONG], [DONGIA]) VALUES ('MNHDL3002', 'VL006', 200, 1)
INSERT [dbo].[CTPNH] ([MaDNH], [MAVL], [SOLUONG], [DONGIA]) VALUES ('MNHDL3002', 'VL007', 60, 1)
INSERT [dbo].[CTPNH] ([MaDNH], [MAVL], [SOLUONG], [DONGIA]) VALUES ('MNHDL3002', 'VL008', 200, 1)
INSERT [dbo].[CTPNH] ([MaDNH], [MAVL], [SOLUONG], [DONGIA]) VALUES ('MNHDL3002', 'VL009', 200, 1)

--kho4
INSERT [dbo].[CTPNH] ([MaDNH], [MAVL], [SOLUONG], [DONGIA]) VALUES ('MNHDL4001', 'VL001', 60, 1)
INSERT [dbo].[CTPNH] ([MaDNH], [MAVL], [SOLUONG], [DONGIA]) VALUES ('MNHDL4001', 'VL002', 200, 1)
INSERT [dbo].[CTPNH] ([MaDNH], [MAVL], [SOLUONG], [DONGIA]) VALUES ('MNHDL4001', 'VL003', 60, 1)
INSERT [dbo].[CTPNH] ([MaDNH], [MAVL], [SOLUONG], [DONGIA]) VALUES ('MNHDL4001', 'VL004', 6, 1)
INSERT [dbo].[CTPNH] ([MaDNH], [MAVL], [SOLUONG], [DONGIA]) VALUES ('MNHDL4001', 'VL005', 60, 1)
INSERT [dbo].[CTPNH] ([MaDNH], [MAVL], [SOLUONG], [DONGIA]) VALUES ('MNHDL4001', 'VL006', 200, 1)
INSERT [dbo].[CTPNH] ([MaDNH], [MAVL], [SOLUONG], [DONGIA]) VALUES ('MNHDL4001', 'VL007', 60, 1)
INSERT [dbo].[CTPNH] ([MaDNH], [MAVL], [SOLUONG], [DONGIA]) VALUES ('MNHDL4001', 'VL008', 200, 1)
INSERT [dbo].[CTPNH] ([MaDNH], [MAVL], [SOLUONG], [DONGIA]) VALUES ('MNHDL4001', 'VL009', 200, 1)
---kho 5
INSERT [dbo].[CTPNH] ([MaDNH], [MAVL], [SOLUONG], [DONGIA]) VALUES ('MNHDL5001', 'VL001', 60, 1)
INSERT [dbo].[CTPNH] ([MaDNH], [MAVL], [SOLUONG], [DONGIA]) VALUES ('MNHDL5001', 'VL002', 200, 1)
INSERT [dbo].[CTPNH] ([MaDNH], [MAVL], [SOLUONG], [DONGIA]) VALUES ('MNHDL5001', 'VL003', 60, 1)
INSERT [dbo].[CTPNH] ([MaDNH], [MAVL], [SOLUONG], [DONGIA]) VALUES ('MNHDL5001', 'VL004', 200, 1)
INSERT [dbo].[CTPNH] ([MaDNH], [MAVL], [SOLUONG], [DONGIA]) VALUES ('MNHDL5001', 'VL005', 60, 1)
INSERT [dbo].[CTPNH] ([MaDNH], [MAVL], [SOLUONG], [DONGIA]) VALUES ('MNHDL5001', 'VL006', 200, 1)
INSERT [dbo].[CTPNH] ([MaDNH], [MAVL], [SOLUONG], [DONGIA]) VALUES ('MNHDL5001', 'VL007', 60, 1)
INSERT [dbo].[CTPNH] ([MaDNH], [MAVL], [SOLUONG], [DONGIA]) VALUES ('MNHDL5001', 'VL008', 200, 1)
INSERT [dbo].[CTPNH] ([MaDNH], [MAVL], [SOLUONG], [DONGIA]) VALUES ('MNHDL5001', 'VL009', 200, 1)
--
INSERT [dbo].[CTPNH] ([MaDNH], [MAVL], [SOLUONG], [DONGIA]) VALUES ('MNHDL6001', 'VL001', 60, 1)
INSERT [dbo].[CTPNH] ([MaDNH], [MAVL], [SOLUONG], [DONGIA]) VALUES ('MNHDL6001', 'VL002', 200, 1)
INSERT [dbo].[CTPNH] ([MaDNH], [MAVL], [SOLUONG], [DONGIA]) VALUES ('MNHDL6001', 'VL003', 60, 1)
INSERT [dbo].[CTPNH] ([MaDNH], [MAVL], [SOLUONG], [DONGIA]) VALUES ('MNHDL6001', 'VL004', 200, 1)
INSERT [dbo].[CTPNH] ([MaDNH], [MAVL], [SOLUONG], [DONGIA]) VALUES ('MNHDL6001', 'VL005', 60, 1)
INSERT [dbo].[CTPNH] ([MaDNH], [MAVL], [SOLUONG], [DONGIA]) VALUES ('MNHDL6001', 'VL006', 200, 1)
INSERT [dbo].[CTPNH] ([MaDNH], [MAVL], [SOLUONG], [DONGIA]) VALUES ('MNHDL6001', 'VL007', 60, 1)
INSERT [dbo].[CTPNH] ([MaDNH], [MAVL], [SOLUONG], [DONGIA]) VALUES ('MNHDL6001', 'VL008', 200, 1)
INSERT [dbo].[CTPNH] ([MaDNH], [MAVL], [SOLUONG], [DONGIA]) VALUES ('MNHDL6001', 'VL009', 200, 1)
--
INSERT [dbo].[CTPNH] ([MaDNH], [MAVL], [SOLUONG], [DONGIA]) VALUES ('MNHDL7001', 'VL001', 60, 1)
INSERT [dbo].[CTPNH] ([MaDNH], [MAVL], [SOLUONG], [DONGIA]) VALUES ('MNHDL7001', 'VL002', 200, 1)
INSERT [dbo].[CTPNH] ([MaDNH], [MAVL], [SOLUONG], [DONGIA]) VALUES ('MNHDL7001', 'VL003', 60, 1)
INSERT [dbo].[CTPNH] ([MaDNH], [MAVL], [SOLUONG], [DONGIA]) VALUES ('MNHDL7001', 'VL004', 200, 1)
INSERT [dbo].[CTPNH] ([MaDNH], [MAVL], [SOLUONG], [DONGIA]) VALUES ('MNHDL7001', 'VL005', 60, 1)
INSERT [dbo].[CTPNH] ([MaDNH], [MAVL], [SOLUONG], [DONGIA]) VALUES ('MNHDL7001', 'VL006', 200, 1)
INSERT [dbo].[CTPNH] ([MaDNH], [MAVL], [SOLUONG], [DONGIA]) VALUES ('MNHDL7001', 'VL007', 60, 1)
INSERT [dbo].[CTPNH] ([MaDNH], [MAVL], [SOLUONG], [DONGIA]) VALUES ('MNHDL7001', 'VL008', 200, 1)
INSERT [dbo].[CTPNH] ([MaDNH], [MAVL], [SOLUONG], [DONGIA]) VALUES ('MNHDL7001', 'VL009', 200, 1)
--
INSERT [dbo].[CTPNH] ([MaDNH], [MAVL], [SOLUONG], [DONGIA]) VALUES ('MNHDL8001', 'VL001', 60, 1)
INSERT [dbo].[CTPNH] ([MaDNH], [MAVL], [SOLUONG], [DONGIA]) VALUES ('MNHDL8001', 'VL002', 200, 1)
INSERT [dbo].[CTPNH] ([MaDNH], [MAVL], [SOLUONG], [DONGIA]) VALUES ('MNHDL8001', 'VL003', 60, 1)
INSERT [dbo].[CTPNH] ([MaDNH], [MAVL], [SOLUONG], [DONGIA]) VALUES ('MNHDL8001', 'VL004', 200, 1)
INSERT [dbo].[CTPNH] ([MaDNH], [MAVL], [SOLUONG], [DONGIA]) VALUES ('MNHDL8001', 'VL005', 60, 1)
INSERT [dbo].[CTPNH] ([MaDNH], [MAVL], [SOLUONG], [DONGIA]) VALUES ('MNHDL8001', 'VL006', 200, 1)
INSERT [dbo].[CTPNH] ([MaDNH], [MAVL], [SOLUONG], [DONGIA]) VALUES ('MNHDL8001', 'VL007', 60, 1)
INSERT [dbo].[CTPNH] ([MaDNH], [MAVL], [SOLUONG], [DONGIA]) VALUES ('MNHDL8001', 'VL008', 200, 1)
INSERT [dbo].[CTPNH] ([MaDNH], [MAVL], [SOLUONG], [DONGIA]) VALUES ('MNHDL8001', 'VL009', 200, 1)
--
INSERT [dbo].[CTPNH] ([MaDNH], [MAVL], [SOLUONG], [DONGIA]) VALUES ('MNHDL8002', 'VL001', 60, 1)
INSERT [dbo].[CTPNH] ([MaDNH], [MAVL], [SOLUONG], [DONGIA]) VALUES ('MNHDL8002', 'VL002', 200, 1)
INSERT [dbo].[CTPNH] ([MaDNH], [MAVL], [SOLUONG], [DONGIA]) VALUES ('MNHDL8002', 'VL003', 60, 1)
INSERT [dbo].[CTPNH] ([MaDNH], [MAVL], [SOLUONG], [DONGIA]) VALUES ('MNHDL8002', 'VL004', 200, 1)
INSERT [dbo].[CTPNH] ([MaDNH], [MAVL], [SOLUONG], [DONGIA]) VALUES ('MNHDL8002', 'VL005', 60, 1)
INSERT [dbo].[CTPNH] ([MaDNH], [MAVL], [SOLUONG], [DONGIA]) VALUES ('MNHDL8002', 'VL006', 200, 1)
INSERT [dbo].[CTPNH] ([MaDNH], [MAVL], [SOLUONG], [DONGIA]) VALUES ('MNHDL8002', 'VL007', 60, 1)
INSERT [dbo].[CTPNH] ([MaDNH], [MAVL], [SOLUONG], [DONGIA]) VALUES ('MNHDL8002', 'VL008', 200, 1)
INSERT [dbo].[CTPNH] ([MaDNH], [MAVL], [SOLUONG], [DONGIA]) VALUES ('MNHDL8002', 'VL009', 200, 1)
--kho4
INSERT [dbo].[CTPNH] ([MaDNH], [MAVL], [SOLUONG], [DONGIA]) VALUES ('MNHDL4002', 'VL003', 20, 70)
INSERT [dbo].[CTPNH] ([MaDNH], [MAVL], [SOLUONG], [DONGIA]) VALUES ('MNHDL4002', 'VL002', 20, 70)
--
INSERT [dbo].[CTPNH] ([MaDNH], [MAVL], [SOLUONG], [DONGIA]) VALUES ('MNHDL6002', 'VL001', 60, 1)
INSERT [dbo].[CTPNH] ([MaDNH], [MAVL], [SOLUONG], [DONGIA]) VALUES ('MNHDL6002', 'VL002', 200, 1)
INSERT [dbo].[CTPNH] ([MaDNH], [MAVL], [SOLUONG], [DONGIA]) VALUES ('MNHDL6002', 'VL003', 60, 1)
INSERT [dbo].[CTPNH] ([MaDNH], [MAVL], [SOLUONG], [DONGIA]) VALUES ('MNHDL6002', 'VL009', 200, 1)
--
INSERT [dbo].[CTPNH] ([MaDNH], [MAVL], [SOLUONG], [DONGIA]) VALUES ('MNHDL3003', 'VL001', 60, 1)
INSERT [dbo].[CTPNH] ([MaDNH], [MAVL], [SOLUONG], [DONGIA]) VALUES ('MNHDL3003', 'VL002', 200, 1)
INSERT [dbo].[CTPNH] ([MaDNH], [MAVL], [SOLUONG], [DONGIA]) VALUES ('MNHDL3003', 'VL003', 60, 1)
INSERT [dbo].[CTPNH] ([MaDNH], [MAVL], [SOLUONG], [DONGIA]) VALUES ('MNHDL3003', 'VL004', 200, 1)
INSERT [dbo].[CTPNH] ([MaDNH], [MAVL], [SOLUONG], [DONGIA]) VALUES ('MNHDL3003', 'VL005', 60, 1)
INSERT [dbo].[CTPNH] ([MaDNH], [MAVL], [SOLUONG], [DONGIA]) VALUES ('MNHDL3003', 'VL006', 200, 1)
INSERT [dbo].[CTPNH] ([MaDNH], [MAVL], [SOLUONG], [DONGIA]) VALUES ('MNHDL3003', 'VL007', 60, 1)
INSERT [dbo].[CTPNH] ([MaDNH], [MAVL], [SOLUONG], [DONGIA]) VALUES ('MNHDL3003', 'VL008', 200, 1)
INSERT [dbo].[CTPNH] ([MaDNH], [MAVL], [SOLUONG], [DONGIA]) VALUES ('MNHDL3003', 'VL009', 200, 1)
--
INSERT [dbo].[CTPNH] ([MaDNH], [MAVL], [SOLUONG], [DONGIA]) VALUES ('MNHDL5002', 'VL001', 60, 1)
INSERT [dbo].[CTPNH] ([MaDNH], [MAVL], [SOLUONG], [DONGIA]) VALUES ('MNHDL5002', 'VL002', 200, 1)
INSERT [dbo].[CTPNH] ([MaDNH], [MAVL], [SOLUONG], [DONGIA]) VALUES ('MNHDL6003', 'VL003', 60, 1)
INSERT [dbo].[CTPNH] ([MaDNH], [MAVL], [SOLUONG], [DONGIA]) VALUES ('MNHDL6003', 'VL004', 200, 1)
INSERT [dbo].[CTPNH] ([MaDNH], [MAVL], [SOLUONG], [DONGIA]) VALUES ('MNHDL8003', 'VL005', 60, 1)
INSERT [dbo].[CTPNH] ([MaDNH], [MAVL], [SOLUONG], [DONGIA]) VALUES ('MNHDL8003', 'VL006', 200, 1)
INSERT [dbo].[CTPNH] ([MaDNH], [MAVL], [SOLUONG], [DONGIA]) VALUES ('MNHDL5002', 'VL007', 60, 1)
INSERT [dbo].[CTPNH] ([MaDNH], [MAVL], [SOLUONG], [DONGIA]) VALUES ('MNHDL8003', 'VL008', 200, 1)
INSERT [dbo].[CTPNH] ([MaDNH], [MAVL], [SOLUONG], [DONGIA]) VALUES ('MNHDL6003', 'VL009', 200, 1)



----------------------KHÁCH HÀNG-----------------------------
GO
INSERT [dbo].[KHACHHANG] ([MAKH], [TENKH], [SODT], [DIACHI]) VALUES ('KH001', N'Trần Kim Hiếu', '0374626771', N'333 Trần Não, p. Bình Khánh, Q2')
INSERT [dbo].[KHACHHANG] ([MAKH], [TENKH], [SODT], [DIACHI]) VALUES ('KH002', N'Nguyễn Thị Vi', '0387344611', N'21/22 Vạn Kiếp, P3, Bình Thạnh')
INSERT [dbo].[KHACHHANG] ([MAKH], [TENKH], [SODT], [DIACHI]) VALUES ('KH003', N'Lê Bá Thắng', '0392006747', N'Thái Lương, Thái Bình')
INSERT [dbo].[KHACHHANG] ([MAKH], [TENKH], [SODT], [DIACHI]) VALUES ('KH004', N'Lê Huy Ngọc', '0393809005', N'26/O Trịnh Đình Trọng, Q. Tân Phú')
INSERT [dbo].[KHACHHANG] ([MAKH], [TENKH], [SODT], [DIACHI]) VALUES ('KH005', N'Lê Văn Dũng', '0398790252', N'21/22 Vạn Kiếp, P3, Bình Thạnh')
INSERT [dbo].[KHACHHANG] ([MAKH], [TENKH], [SODT], [DIACHI]) VALUES ('KH006', N'Lê Minh Tấn', '0862721884', N'36KP2-Thanh Bình,BH-ĐN')
INSERT [dbo].[KHACHHANG] ([MAKH], [TENKH], [SODT], [DIACHI]) VALUES ('KH007', N'Mai Thanh Tuấn', '0862860138', N'80 Ấp Đồng Phước-Tân Long Thành Đồng Nai')
INSERT [dbo].[KHACHHANG] ([MAKH], [TENKH], [SODT], [DIACHI]) VALUES ('KH008', N'Huỳnh Đức Phú', '0865088506', N'278 Nguyễn Hoàng- TP Đà Nẵng')
INSERT [dbo].[KHACHHANG] ([MAKH], [TENKH], [SODT], [DIACHI]) VALUES ('KH009', N'Hà Quốc Việt', '0865309290', N'Phú Xuyên - Hà Tây')
INSERT [dbo].[KHACHHANG] ([MAKH], [TENKH], [SODT], [DIACHI]) VALUES ('KH010', N'Nguyễn Thu Hà', '0865323591', N'23 Phố 8/3 P. Quỳnh Mai - Q. Hai Bà Trưng - HN')
INSERT [dbo].[KHACHHANG] ([MAKH], [TENKH], [SODT], [DIACHI]) VALUES ('KH011', N'Nguyễn Văn Tuyến', '0865632885', N'Xã Xuân Đỉnh - Từ Liêm - HN')
INSERT [dbo].[KHACHHANG] ([MAKH], [TENKH], [SODT], [DIACHI]) VALUES ('KH012', N'Phan Thị Lan Hương', '0865870441', N'Số 10 phố Đặng Tất - Ba Đình - HN')
INSERT [dbo].[KHACHHANG] ([MAKH], [TENKH], [SODT], [DIACHI]) VALUES ('KH013', N'Hoàng Ngọc Hiếu', '0866546890', N'Thái Lương, Thái Bình')
INSERT [dbo].[KHACHHANG] ([MAKH], [TENKH], [SODT], [DIACHI]) VALUES ('KH015', N'Đoàn Tiến Hưng', '0866675937', N'123 Trần Não, p. Bình Khánh')

-----------------------MUA HÀNG----------------------------
GO
INSERT [dbo].[MuaHang] ([MAPMH], [NGAY], [MAKH], [MANV], [MAKHO]) VALUES ('PMHDL1001', '2023/02/26', 'KH001', 'NVDL1001', 'KDL1001')
INSERT [dbo].[MuaHang] ([MAPMH], [NGAY], [MAKH], [MANV], [MAKHO]) VALUES ('PMHDL5001', '2023/02/28', 'KH004', 'NVDL5001', 'KDL5001')
INSERT [dbo].[MuaHang] ([MAPMH], [NGAY], [MAKH], [MANV], [MAKHO]) VALUES ('PMHDL3001', '2023/03/02', 'KH006', 'NVDL3001', 'KDL3001')
INSERT [dbo].[MuaHang] ([MAPMH], [NGAY], [MAKH], [MANV], [MAKHO]) VALUES ('PMHDL7001', '2023/03/02', 'KH007', 'NVDL7001', 'KDL7001')
-----------------------CTPMH----------------------------

GO
INSERT [dbo].[CTPMH] ([MAPMH], [MAVL], [SOLUONG], [DONGIA]) VALUES ('PMHDL1001', 'VL001', 4, 1)
INSERT [dbo].[CTPMH] ([MAPMH], [MAVL], [SOLUONG], [DONGIA]) VALUES ('PMHDL1001', 'VL002', 4, 1)
INSERT [dbo].[CTPMH] ([MAPMH], [MAVL], [SOLUONG], [DONGIA]) VALUES ('PMHDL1001', 'VL003', 10, 1)
INSERT [dbo].[CTPMH] ([MAPMH], [MAVL], [SOLUONG], [DONGIA]) VALUES ('PMHDL5001', 'VL004', 20, 1)
INSERT [dbo].[CTPMH] ([MAPMH], [MAVL], [SOLUONG], [DONGIA]) VALUES ('PMHDL5001', 'VL005', 10, 1)
INSERT [dbo].[CTPMH] ([MAPMH], [MAVL], [SOLUONG], [DONGIA]) VALUES ('PMHDL3001', 'VL001', 30, 1)
INSERT [dbo].[CTPMH] ([MAPMH], [MAVL], [SOLUONG], [DONGIA]) VALUES ('PMHDL3001', 'VL003', 20, 1)
INSERT [dbo].[CTPMH] ([MAPMH], [MAVL], [SOLUONG], [DONGIA]) VALUES ('PMHDL7001', 'VL005', 10, 1)
INSERT [dbo].[CTPMH] ([MAPMH], [MAVL], [SOLUONG], [DONGIA]) VALUES ('PMHDL7001', 'VL001', 30, 1)
INSERT [dbo].[CTPMH] ([MAPMH], [MAVL], [SOLUONG], [DONGIA]) VALUES ('PMHDL7001', 'VL003', 20, 1)



USE CUNGCAP_VLXD
GO
INSERT [dbo].[MuaHang] ([MAPMH], [NGAY], [MAKH], [MANV], [MAKHO]) VALUES ('PMH026', '2023/05/02', 'KH010', 'NVDL3001', 'KDL4001')
SELECT SCOPE_IDENTITY() AS 'MaPhieuMua';



